surname,driver_efficiency_index
Hamilton,99709.46494274722
Ricciardo,103019.07951484664
Räikkönen,95240.63320424392
Vettel,101246.68370311725
Bottas,102190.97221452899
Kvyat,103517.39736968947
Massa,98049.19740650404
Vandoorne,101701.53128613772
Grosjean,102343.54467131314
Palmer,102484.44961407794
