period,avg_power,avg_balanced_mana_cost
early_sets,2.063301282051282,1.3116303960042812
late_sets,2.7364532019704435,1.5976154992548435
