client_id,loan_risk_ratio
5788,51.757171447631755
2823,53.1787363663162
1327,22.528606528606527
9675,22.473166686411563
9846,47.82055168232798
3670,33.66658589774655
7311,31.538987688098494
7348,42.22607067633981
7390,21.581054142412885
533,36.156411033646556
124,32.14441482917373
6551,19.435435435435437
3730,30.02273803884415
10355,33.215331010452964
13346,47.09417368999634
10566,21.570317623910803
12464,20.619184376794944
45,37.26219726219726
4652,37.28155339805825
6936,34.760253497548725
